filename,width,height,class,xmin,ymin,xmax,ymax
455_none.jpg,1280,720,15,825,282,1175,550
389_none.jpg,1280,720,9,825,296,1058,550
211_none.jpg,1280,720,8,899,203,1117,583
185_none.jpg,1280,720,6,560,152,777,292
185_none.jpg,1280,720,13,918,147,1154,319
185_none.jpg,1280,720,12,56,392,387,528
29_none.jpg,1280,720,6,958,459,1250,583
29_none.jpg,1280,720,13,1,160,130,295
29_none.jpg,1280,720,13,780,357,939,588
438_none.jpg,1280,720,2,1120,346,1280,521
438_none.jpg,1280,720,19,408,550,539,667
438_none.jpg,1280,720,9,438,210,670,523
243_none.jpg,1280,720,10,148,323,322,610
243_none.jpg,1280,720,17,105,62,273,249
243_none.jpg,1280,720,14,773,111,1032,330
174_none.jpg,1280,720,17,606,255,784,453
174_none.jpg,1280,720,9,269,178,497,463
174_none.jpg,1280,720,11,922,466,1113,720
422_none.jpg,1280,720,16,1155,453,1280,615
422_none.jpg,1280,720,17,386,213,539,393
43_none.jpg,1280,720,16,338,161,521,315
163_none.jpg,1280,720,15,703,169,990,493
163_none.jpg,1280,720,11,222,325,616,553
163_none.jpg,1280,720,9,1055,4,1278,264
311_none.jpg,1280,720,12,818,108,1049,360
311_none.jpg,1280,720,3,783,397,936,589
311_none.jpg,1280,720,13,624,478,801,692
319_none.jpg,1280,720,10,166,364,558,720
319_none.jpg,1280,720,8,904,528,1086,617
459_none.jpg,1280,720,12,465,20,764,131
366_none.jpg,1280,720,2,887,108,1059,435
366_none.jpg,1280,720,10,1075,514,1280,686
366_none.jpg,1280,720,13,36,220,202,452
56_none.jpg,1280,720,10,880,496,1210,720
53_none.jpg,1280,720,16,709,531,967,693
177_none.jpg,1280,720,10,40,81,317,273
142_none.jpg,1280,720,19,835,636,942,719
142_none.jpg,1280,720,4,348,409,657,497
142_none.jpg,1280,720,6,850,1,999,362
36_none.jpg,1280,720,5,854,42,1093,432
194_none.jpg,1280,720,17,1,463,90,649
25_none.jpg,1280,720,5,1149,40,1280,545
25_none.jpg,1280,720,15,537,401,771,680
195_none.jpg,1280,720,16,458,11,574,296
195_none.jpg,1280,720,18,833,35,1059,275
195_none.jpg,1280,720,12,1,473,301,686
143_none.jpg,1280,720,4,226,102,399,358
143_none.jpg,1280,720,1,946,89,1081,226
143_none.jpg,1280,720,0,556,57,921,225
132_none.jpg,1280,720,13,24,364,197,633
304_none.jpg,1280,720,4,856,423,1134,578
62_none.jpg,1280,720,3,755,440,1017,643
119_none.jpg,1280,720,14,933,20,1215,260
119_none.jpg,1280,720,8,1,232,198,427
317_none.jpg,1280,720,8,820,1,1133,239
352_none.jpg,1280,720,4,72,378,236,696
352_none.jpg,1280,720,6,55,31,187,322
352_none.jpg,1280,720,17,487,486,731,668
11_none.jpg,1280,720,11,832,146,1057,484
11_none.jpg,1280,720,18,1,262,344,392
11_none.jpg,1280,720,18,696,392,887,652
286_none.jpg,1280,720,13,646,523,812,720
117_none.jpg,1280,720,8,1080,185,1264,477
136_none.jpg,1280,720,10,824,121,965,335
44_none.jpg,1280,720,4,747,471,852,720
462_none.jpg,1280,720,14,975,1,1280,189
462_none.jpg,1280,720,19,56,289,174,415
147_none.jpg,1280,720,17,189,289,329,446
147_none.jpg,1280,720,0,409,1,758,410
147_none.jpg,1280,720,3,162,87,424,263
10_none.jpg,1280,720,7,553,198,871,546
10_none.jpg,1280,720,7,1,1,172,229
10_none.jpg,1280,720,0,825,13,1022,315
336_none.jpg,1280,720,0,8,160,332,641
336_none.jpg,1280,720,16,1089,130,1260,348
181_none.jpg,1280,720,18,135,389,351,701
402_none.jpg,1280,720,3,806,135,1071,360
196_none.jpg,1280,720,14,28,41,207,353
196_none.jpg,1280,720,3,274,182,380,364
196_none.jpg,1280,720,9,468,74,789,514
203_none.jpg,1280,720,13,885,289,1127,468
333_none.jpg,1280,720,12,1,1,181,227
333_none.jpg,1280,720,15,631,132,866,452
339_none.jpg,1280,720,9,943,350,1133,703
339_none.jpg,1280,720,17,1043,110,1224,263
339_none.jpg,1280,720,18,438,1,679,201
232_none.jpg,1280,720,4,960,252,1230,348
232_none.jpg,1280,720,1,697,14,836,157
232_none.jpg,1280,720,7,604,438,818,602
278_none.jpg,1280,720,5,980,56,1176,477
278_none.jpg,1280,720,6,341,471,495,720
278_none.jpg,1280,720,2,324,203,622,324
126_none.jpg,1280,720,2,441,1,650,136
24_none.jpg,1280,720,19,995,209,1113,318
24_none.jpg,1280,720,3,781,336,1060,513
20_none.jpg,1280,720,7,256,389,517,720
20_none.jpg,1280,720,9,832,126,1172,720
144_none.jpg,1280,720,7,1,492,362,720
144_none.jpg,1280,720,10,905,72,1153,324
144_none.jpg,1280,720,6,473,181,761,598
248_none.jpg,1280,720,2,499,320,805,498
248_none.jpg,1280,720,0,116,61,484,484
248_none.jpg,1280,720,15,422,126,712,322
127_none.jpg,1280,720,10,933,11,1280,366
127_none.jpg,1280,720,4,303,444,538,670
222_none.jpg,1280,720,8,887,403,1186,578
46_none.jpg,1280,720,16,1056,412,1219,572
46_none.jpg,1280,720,16,358,349,592,454
46_none.jpg,1280,720,3,906,356,1055,564
27_none.jpg,1280,720,0,201,284,487,438
27_none.jpg,1280,720,0,1052,318,1275,720
346_none.jpg,1280,720,19,809,192,938,301
72_none.jpg,1280,720,11,366,291,645,571
72_none.jpg,1280,720,2,254,145,438,259
72_none.jpg,1280,720,10,931,401,1038,569
448_none.jpg,1280,720,12,470,406,679,708
448_none.jpg,1280,720,1,792,144,986,330
2_none.jpg,1280,720,16,991,1,1124,170
2_none.jpg,1280,720,14,235,515,514,694
2_none.jpg,1280,720,10,548,1,797,208
6_none.jpg,1280,720,17,984,213,1140,416
6_none.jpg,1280,720,4,300,302,383,660
360_none.jpg,1280,720,0,373,369,694,536
360_none.jpg,1280,720,17,65,259,301,386
360_none.jpg,1280,720,15,886,2,1150,325
80_none.jpg,1280,720,16,465,272,636,387
80_none.jpg,1280,720,19,829,577,1010,720
80_none.jpg,1280,720,15,434,462,640,684
101_none.jpg,1280,720,15,915,539,1125,720
128_none.jpg,1280,720,9,91,120,263,467
128_none.jpg,1280,720,5,859,268,1143,670
128_none.jpg,1280,720,7,509,352,801,567
300_none.jpg,1280,720,15,859,398,1057,647
300_none.jpg,1280,720,17,693,55,868,222
300_none.jpg,1280,720,2,143,51,489,210
160_none.jpg,1280,720,6,868,467,1113,702
318_none.jpg,1280,720,19,323,351,514,513
318_none.jpg,1280,720,7,697,126,938,370
318_none.jpg,1280,720,10,1038,123,1280,362
258_none.jpg,1280,720,3,912,51,1159,233
258_none.jpg,1280,720,10,663,321,937,601
258_none.jpg,1280,720,5,401,1,647,271
403_none.jpg,1280,720,8,742,41,925,160
403_none.jpg,1280,720,6,42,191,423,535
322_none.jpg,1280,720,18,356,237,581,463
322_none.jpg,1280,720,10,110,281,239,467
34_none.jpg,1280,720,3,629,321,826,654
34_none.jpg,1280,720,14,63,282,325,512
251_none.jpg,1280,720,17,883,452,1115,628
251_none.jpg,1280,720,8,549,500,701,720
251_none.jpg,1280,720,5,601,81,786,432
145_none.jpg,1280,720,9,913,1,1050,256
145_none.jpg,1280,720,5,1,468,166,680
440_none.jpg,1280,720,18,172,343,514,617
440_none.jpg,1280,720,19,9,383,205,507
440_none.jpg,1280,720,11,173,86,410,326
261_none.jpg,1280,720,9,34,78,479,566
261_none.jpg,1280,720,15,500,301,853,657
261_none.jpg,1280,720,5,1099,283,1280,644
41_none.jpg,1280,720,3,738,546,947,690
41_none.jpg,1280,720,4,695,43,892,168
41_none.jpg,1280,720,9,435,321,762,539
363_none.jpg,1280,720,19,965,511,1109,643
170_none.jpg,1280,720,19,80,373,262,515
151_none.jpg,1280,720,3,700,353,981,592
365_none.jpg,1280,720,14,397,101,717,385
365_none.jpg,1280,720,15,930,45,1195,390
365_none.jpg,1280,720,2,740,276,857,596
430_none.jpg,1280,720,0,300,423,573,624
430_none.jpg,1280,720,5,724,107,990,409
430_none.jpg,1280,720,3,849,489,988,717
307_none.jpg,1280,720,9,30,26,231,365
42_none.jpg,1280,720,0,646,145,831,478
42_none.jpg,1280,720,13,280,1,453,199
42_none.jpg,1280,720,4,593,54,669,244
453_none.jpg,1280,720,4,1,293,175,370
453_none.jpg,1280,720,19,151,1,332,133
130_none.jpg,1280,720,16,864,535,1055,655
130_none.jpg,1280,720,19,969,89,1130,225
372_none.jpg,1280,720,5,299,19,675,276
372_none.jpg,1280,720,9,865,248,1126,604
372_none.jpg,1280,720,19,787,444,893,534
345_none.jpg,1280,720,3,586,420,749,588
345_none.jpg,1280,720,5,151,538,392,720
345_none.jpg,1280,720,4,757,1,811,181
68_none.jpg,1280,720,11,1053,77,1280,600
68_none.jpg,1280,720,19,908,155,1107,375
16_none.jpg,1280,720,18,654,283,884,720
16_none.jpg,1280,720,10,271,306,420,510
116_none.jpg,1280,720,2,57,26,303,297
116_none.jpg,1280,720,5,1,317,215,497
1_none.jpg,1280,720,0,408,400,645,653
200_none.jpg,1280,720,18,336,388,639,713
200_none.jpg,1280,720,2,1,518,170,659
200_none.jpg,1280,720,19,1,1,122,137
76_none.jpg,1280,720,0,965,50,1165,488
76_none.jpg,1280,720,14,635,200,917,379
84_none.jpg,1280,720,0,280,403,635,720
84_none.jpg,1280,720,15,861,361,1279,582
84_none.jpg,1280,720,4,520,1,713,255
416_none.jpg,1280,720,5,1,360,200,637
416_none.jpg,1280,720,2,963,111,1189,423
416_none.jpg,1280,720,7,91,18,347,183
254_none.jpg,1280,720,4,658,55,803,245
254_none.jpg,1280,720,15,368,382,651,523
133_none.jpg,1280,720,14,140,274,434,550
45_none.jpg,1280,720,1,824,58,1111,317
150_none.jpg,1280,720,5,398,188,605,597
150_none.jpg,1280,720,2,250,100,433,269
247_none.jpg,1280,720,9,463,183,848,372
247_none.jpg,1280,720,11,821,288,1122,550
94_none.jpg,1280,720,18,1,46,337,323
94_none.jpg,1280,720,14,268,269,503,537
379_none.jpg,1280,720,4,508,162,650,332
379_none.jpg,1280,720,4,1179,505,1280,707
379_none.jpg,1280,720,2,936,105,1151,354
171_none.jpg,1280,720,5,158,48,468,354
390_none.jpg,1280,720,17,369,69,591,352
390_none.jpg,1280,720,11,574,333,907,510
390_none.jpg,1280,720,14,559,1,818,236
340_none.jpg,1280,720,13,124,275,334,451
340_none.jpg,1280,720,3,486,457,686,671
371_none.jpg,1280,720,4,748,139,887,354
426_none.jpg,1280,720,8,172,29,417,172
452_none.jpg,1280,720,14,238,426,406,699
14_none.jpg,1280,720,9,1081,144,1280,352
14_none.jpg,1280,720,2,418,88,648,348
12_none.jpg,1280,720,7,392,263,745,564
12_none.jpg,1280,720,5,1,1,194,389
12_none.jpg,1280,720,18,844,46,1270,382
355_none.jpg,1280,720,5,866,144,1062,487
169_none.jpg,1280,720,15,768,17,890,294
17_none.jpg,1280,720,19,894,366,1033,472
17_none.jpg,1280,720,1,602,3,905,298
92_none.jpg,1280,720,9,380,423,750,639
92_none.jpg,1280,720,3,386,111,589,383
60_none.jpg,1280,720,11,1,356,223,485
23_none.jpg,1280,720,1,1109,168,1266,322
156_none.jpg,1280,720,7,146,1,529,219
156_none.jpg,1280,720,2,660,322,801,529
156_none.jpg,1280,720,15,707,1,1045,328
123_none.jpg,1280,720,5,73,280,240,507
217_none.jpg,1280,720,7,1020,474,1280,646
217_none.jpg,1280,720,14,682,109,988,413
289_none.jpg,1280,720,14,1,483,176,690
255_none.jpg,1280,720,2,928,202,1148,494
255_none.jpg,1280,720,10,1,350,406,712
357_none.jpg,1280,720,3,653,82,954,322
292_none.jpg,1280,720,7,22,44,270,450
292_none.jpg,1280,720,3,429,78,683,288
292_none.jpg,1280,720,0,414,295,773,524
413_none.jpg,1280,720,3,696,1,908,242
272_none.jpg,1280,720,11,637,297,941,440
272_none.jpg,1280,720,1,623,10,796,182
267_none.jpg,1280,720,19,798,110,907,262
267_none.jpg,1280,720,9,322,228,642,545
231_none.jpg,1280,720,11,422,317,932,720
67_none.jpg,1280,720,5,157,273,294,629
273_none.jpg,1280,720,16,434,18,619,279
273_none.jpg,1280,720,1,224,442,435,656
26_none.jpg,1280,720,5,542,16,699,272
26_none.jpg,1280,720,8,993,20,1130,208
26_none.jpg,1280,720,8,1120,264,1257,515
235_none.jpg,1280,720,1,994,161,1182,345
235_none.jpg,1280,720,19,441,367,629,593
30_none.jpg,1280,720,16,811,511,1040,670
30_none.jpg,1280,720,0,347,252,682,531
30_none.jpg,1280,720,6,950,141,1126,459
219_none.jpg,1280,720,16,731,345,914,559
219_none.jpg,1280,720,5,1001,32,1176,369
33_none.jpg,1280,720,1,983,347,1124,484
33_none.jpg,1280,720,18,202,483,407,636
33_none.jpg,1280,720,4,836,1,940,344
351_none.jpg,1280,720,18,585,495,855,668
351_none.jpg,1280,720,17,666,107,778,296
401_none.jpg,1280,720,3,848,451,1056,686
401_none.jpg,1280,720,11,1051,111,1280,391
279_none.jpg,1280,720,16,145,302,365,517
13_none.jpg,1280,720,15,1051,29,1280,363
13_none.jpg,1280,720,8,220,436,481,720
13_none.jpg,1280,720,18,469,281,946,465
391_none.jpg,1280,720,10,975,305,1176,476
391_none.jpg,1280,720,12,5,36,214,370
39_none.jpg,1280,720,8,350,264,746,462
39_none.jpg,1280,720,0,789,39,1139,196
39_none.jpg,1280,720,6,140,122,291,575
197_none.jpg,1280,720,1,685,11,846,173
197_none.jpg,1280,720,10,216,313,469,576
384_none.jpg,1280,720,13,379,338,597,526
79_none.jpg,1280,720,6,88,392,438,617
189_none.jpg,1280,720,13,821,39,1033,247
326_none.jpg,1280,720,18,891,148,1110,626
326_none.jpg,1280,720,10,325,84,531,268
320_none.jpg,1280,720,14,897,27,1159,278
320_none.jpg,1280,720,18,720,409,908,720
320_none.jpg,1280,720,10,456,288,732,563
313_none.jpg,1280,720,14,1078,92,1280,334
313_none.jpg,1280,720,5,170,470,477,720
421_none.jpg,1280,720,10,410,70,648,313
421_none.jpg,1280,720,15,941,282,1277,627
149_none.jpg,1280,720,7,885,249,1057,491
246_none.jpg,1280,720,6,692,189,968,290
246_none.jpg,1280,720,7,846,546,1090,707
246_none.jpg,1280,720,15,2,512,355,692
387_none.jpg,1280,720,8,1144,185,1280,485
387_none.jpg,1280,720,11,1,237,207,536
287_none.jpg,1280,720,0,765,247,1121,668
287_none.jpg,1280,720,16,487,169,754,324
463_none.jpg,1280,720,11,783,203,1014,324
176_none.jpg,1280,720,7,423,366,723,616
176_none.jpg,1280,720,2,428,56,735,180
381_none.jpg,1280,720,5,22,341,283,697
409_none.jpg,1280,720,1,47,206,184,343
409_none.jpg,1280,720,0,1,345,202,626
409_none.jpg,1280,720,8,1003,106,1276,409
274_none.jpg,1280,720,11,339,373,615,629
264_none.jpg,1280,720,3,1066,150,1280,384
399_none.jpg,1280,720,14,811,401,1080,666
399_none.jpg,1280,720,4,656,114,865,410
173_none.jpg,1280,720,7,765,445,1059,685
99_none.jpg,1280,720,4,597,312,814,514
99_none.jpg,1280,720,13,28,1,359,196
99_none.jpg,1280,720,15,1007,202,1178,553
394_none.jpg,1280,720,5,187,345,330,715
394_none.jpg,1280,720,19,692,580,804,720
347_none.jpg,1280,720,15,167,407,419,654
299_none.jpg,1280,720,1,1043,420,1280,694
109_none.jpg,1280,720,5,490,287,785,680
109_none.jpg,1280,720,14,964,51,1274,349
109_none.jpg,1280,720,19,203,432,410,638
281_none.jpg,1280,720,19,874,568,1013,720
407_none.jpg,1280,720,13,1004,185,1158,425
407_none.jpg,1280,720,2,20,144,207,358
407_none.jpg,1280,720,10,663,319,829,574
456_none.jpg,1280,720,13,392,328,693,636
456_none.jpg,1280,720,3,96,534,210,720
456_none.jpg,1280,720,3,670,275,872,457
314_none.jpg,1280,720,2,167,293,361,627
314_none.jpg,1280,720,12,696,462,879,657
341_none.jpg,1280,720,6,385,1,729,230
341_none.jpg,1280,720,7,1009,530,1159,720
166_none.jpg,1280,720,2,241,341,486,602
166_none.jpg,1280,720,5,495,1,866,365
48_none.jpg,1280,720,0,335,167,535,363
81_none.jpg,1280,720,18,491,482,793,583
106_none.jpg,1280,720,13,373,258,659,485
106_none.jpg,1280,720,0,711,182,939,581
392_none.jpg,1280,720,16,926,468,1068,633
392_none.jpg,1280,720,6,899,256,1175,452
164_none.jpg,1280,720,12,695,89,1082,266
164_none.jpg,1280,720,0,109,152,294,419
164_none.jpg,1280,720,12,252,1,387,168
284_none.jpg,1280,720,18,789,197,1096,358
284_none.jpg,1280,720,17,480,382,632,590
284_none.jpg,1280,720,0,422,1,643,314
89_none.jpg,1280,720,3,1034,277,1262,454
89_none.jpg,1280,720,8,825,116,1054,373
89_none.jpg,1280,720,14,113,211,415,522
275_none.jpg,1280,720,19,706,151,825,287
275_none.jpg,1280,720,11,224,1,526,204
358_none.jpg,1280,720,12,749,273,970,489
358_none.jpg,1280,720,2,493,254,625,502
451_none.jpg,1280,720,10,640,104,785,335
451_none.jpg,1280,720,4,968,495,1116,712
103_none.jpg,1280,720,17,1161,348,1280,525
429_none.jpg,1280,720,3,63,463,236,615
96_none.jpg,1280,720,7,245,470,456,720
96_none.jpg,1280,720,3,560,321,805,610
172_none.jpg,1280,720,10,217,407,415,533
172_none.jpg,1280,720,9,424,307,703,617
58_none.jpg,1280,720,5,1,620,351,720
262_none.jpg,1280,720,10,198,1,405,157
158_none.jpg,1280,720,1,954,301,1179,536
158_none.jpg,1280,720,1,397,1,518,95
158_none.jpg,1280,720,10,1071,1,1264,239
334_none.jpg,1280,720,15,613,210,816,486
234_none.jpg,1280,720,9,557,304,899,510
234_none.jpg,1280,720,3,301,267,587,586
234_none.jpg,1280,720,8,1033,464,1199,720
288_none.jpg,1280,720,17,586,289,736,510
226_none.jpg,1280,720,19,719,176,884,352
226_none.jpg,1280,720,17,450,212,598,493
226_none.jpg,1280,720,8,104,12,422,268
18_none.jpg,1280,720,4,166,195,243,571
18_none.jpg,1280,720,16,1001,1,1159,201
105_none.jpg,1280,720,2,662,233,850,388
105_none.jpg,1280,720,2,633,483,751,720
85_none.jpg,1280,720,18,324,104,592,584
85_none.jpg,1280,720,7,567,49,955,443
85_none.jpg,1280,720,7,660,501,814,720
447_none.jpg,1280,720,8,404,285,539,498
447_none.jpg,1280,720,4,860,552,976,720
447_none.jpg,1280,720,11,935,27,1206,314
388_none.jpg,1280,720,16,249,6,396,179
388_none.jpg,1280,720,11,594,174,1002,328
191_none.jpg,1280,720,10,344,1,615,198
191_none.jpg,1280,720,16,1077,483,1280,614
374_none.jpg,1280,720,10,577,390,715,586
374_none.jpg,1280,720,10,60,263,430,578
131_none.jpg,1280,720,13,61,54,275,316
131_none.jpg,1280,720,16,1139,385,1265,590
321_none.jpg,1280,720,9,946,135,1202,430
321_none.jpg,1280,720,19,266,239,430,409
321_none.jpg,1280,720,11,651,290,999,681
414_none.jpg,1280,720,10,1,367,165,548
414_none.jpg,1280,720,13,82,2,289,162
270_none.jpg,1280,720,11,246,1,592,364
270_none.jpg,1280,720,5,779,64,1192,360
102_none.jpg,1280,720,19,1099,301,1220,430
102_none.jpg,1280,720,9,1,1,447,439
405_none.jpg,1280,720,13,777,342,997,513
405_none.jpg,1280,720,4,43,327,274,499
135_none.jpg,1280,720,6,1,370,133,720
69_none.jpg,1280,720,15,363,1,607,311
329_none.jpg,1280,720,11,638,155,937,607
329_none.jpg,1280,720,1,995,597,1120,720
458_none.jpg,1280,720,9,675,505,982,676
458_none.jpg,1280,720,7,549,93,950,503
458_none.jpg,1280,720,15,298,260,478,468
265_none.jpg,1280,720,1,443,123,560,239
265_none.jpg,1280,720,4,414,304,644,596
265_none.jpg,1280,720,14,962,410,1156,708
411_none.jpg,1280,720,6,842,227,1081,444
411_none.jpg,1280,720,14,1,1,265,302
19_none.jpg,1280,720,19,678,531,843,662
19_none.jpg,1280,720,6,214,107,323,321
367_none.jpg,1280,720,10,166,73,398,294
367_none.jpg,1280,720,15,679,231,951,451
193_none.jpg,1280,720,3,721,191,910,483
193_none.jpg,1280,720,15,721,458,1044,720
425_none.jpg,1280,720,4,696,213,838,399
442_none.jpg,1280,720,10,172,497,357,720
442_none.jpg,1280,720,0,529,318,792,525
465_none.jpg,1280,720,13,889,282,1042,561
465_none.jpg,1280,720,1,967,48,1118,204
465_none.jpg,1280,720,16,111,488,338,624
218_none.jpg,1280,720,16,25,520,345,720
349_none.jpg,1280,720,15,426,504,734,677
349_none.jpg,1280,720,9,979,559,1280,720
349_none.jpg,1280,720,18,974,148,1211,396
283_none.jpg,1280,720,2,41,333,231,569
121_none.jpg,1280,720,11,208,69,555,253
427_none.jpg,1280,720,2,804,503,966,688
427_none.jpg,1280,720,11,282,488,541,720
427_none.jpg,1280,720,0,66,41,339,339
236_none.jpg,1280,720,11,1003,61,1278,303
21_none.jpg,1280,720,19,500,19,637,194
77_none.jpg,1280,720,5,923,140,1268,338
376_none.jpg,1280,720,8,730,254,1096,440
376_none.jpg,1280,720,12,850,492,1089,720
8_none.jpg,1280,720,15,397,1,795,340
8_none.jpg,1280,720,16,139,344,316,493
216_none.jpg,1280,720,18,45,356,149,612
290_none.jpg,1280,720,7,1032,142,1208,322
290_none.jpg,1280,720,14,381,294,604,538
290_none.jpg,1280,720,1,1024,408,1277,655
141_none.jpg,1280,720,17,143,67,315,252
141_none.jpg,1280,720,12,173,452,410,656
118_none.jpg,1280,720,7,82,1,469,261
118_none.jpg,1280,720,3,449,261,696,453
118_none.jpg,1280,720,3,848,247,1141,421
15_none.jpg,1280,720,11,290,463,592,720
15_none.jpg,1280,720,4,281,209,339,502
15_none.jpg,1280,720,9,776,1,1032,291
397_none.jpg,1280,720,5,956,240,1231,501
91_none.jpg,1280,720,1,799,263,946,410
398_none.jpg,1280,720,4,496,127,630,384
398_none.jpg,1280,720,17,19,382,195,501
240_none.jpg,1280,720,19,885,1,1021,115
178_none.jpg,1280,720,5,1026,251,1261,522
285_none.jpg,1280,720,13,258,435,453,698
285_none.jpg,1280,720,1,720,517,887,678
223_none.jpg,1280,720,16,93,1,257,196
408_none.jpg,1280,720,2,255,594,552,711
408_none.jpg,1280,720,11,475,151,1011,441
87_none.jpg,1280,720,17,360,464,486,653
78_none.jpg,1280,720,1,286,136,612,487
137_none.jpg,1280,720,19,751,443,924,611
309_none.jpg,1280,720,11,156,160,380,419
437_none.jpg,1280,720,14,860,45,1155,366
437_none.jpg,1280,720,10,860,393,1096,552
302_none.jpg,1280,720,15,701,428,881,720
302_none.jpg,1280,720,18,53,318,434,645
302_none.jpg,1280,720,16,16,586,251,720
444_none.jpg,1280,720,6,125,160,514,284
444_none.jpg,1280,720,11,1015,1,1233,387
361_none.jpg,1280,720,11,1007,10,1280,449
183_none.jpg,1280,720,3,231,311,380,581
139_none.jpg,1280,720,18,502,225,699,514
139_none.jpg,1280,720,19,1068,196,1246,396
233_none.jpg,1280,720,11,119,408,513,712
233_none.jpg,1280,720,19,379,214,590,370
125_none.jpg,1280,720,16,82,316,257,502
134_none.jpg,1280,720,0,841,144,1067,443
134_none.jpg,1280,720,17,87,500,237,720
134_none.jpg,1280,720,17,622,11,852,158
57_none.jpg,1280,720,2,523,489,731,699
57_none.jpg,1280,720,14,627,9,885,277
57_none.jpg,1280,720,11,918,186,1171,503
115_none.jpg,1280,720,6,567,354,981,533
260_none.jpg,1280,720,16,946,343,1170,430
260_none.jpg,1280,720,11,513,200,776,450
260_none.jpg,1280,720,12,15,16,188,355
112_none.jpg,1280,720,15,857,512,1158,720
32_none.jpg,1280,720,15,956,195,1127,435
32_none.jpg,1280,720,2,96,405,252,604
146_none.jpg,1280,720,9,1,324,297,585
146_none.jpg,1280,720,10,1061,444,1255,598
146_none.jpg,1280,720,4,1003,170,1168,303
3_none.jpg,1280,720,1,1158,373,1278,495
3_none.jpg,1280,720,19,869,556,969,703
3_none.jpg,1280,720,0,64,26,451,335
383_none.jpg,1280,720,5,528,395,789,620
383_none.jpg,1280,720,19,381,174,490,330
383_none.jpg,1280,720,9,1,163,332,344
86_none.jpg,1280,720,0,857,290,1280,534
364_none.jpg,1280,720,6,775,158,1017,474
296_none.jpg,1280,720,0,255,97,539,280
296_none.jpg,1280,720,12,847,1,1190,286
296_none.jpg,1280,720,2,660,60,781,427
88_none.jpg,1280,720,12,696,90,964,333
88_none.jpg,1280,720,5,219,186,487,444
88_none.jpg,1280,720,16,940,544,1086,720
179_none.jpg,1280,720,13,1136,467,1275,624
179_none.jpg,1280,720,17,1126,11,1269,212
179_none.jpg,1280,720,0,349,243,634,522
204_none.jpg,1280,720,0,795,415,1060,653
204_none.jpg,1280,720,9,1044,94,1280,470
433_none.jpg,1280,720,0,1,104,154,399
433_none.jpg,1280,720,1,588,552,755,716
104_none.jpg,1280,720,7,56,276,249,564
419_none.jpg,1280,720,1,253,1,421,146
306_none.jpg,1280,720,5,691,233,1015,468
306_none.jpg,1280,720,2,272,118,419,586
306_none.jpg,1280,720,13,436,302,688,511
157_none.jpg,1280,720,19,678,224,782,379
157_none.jpg,1280,720,17,951,31,1124,246
157_none.jpg,1280,720,9,1,495,345,699
259_none.jpg,1280,720,5,693,468,867,720
259_none.jpg,1280,720,0,208,443,542,623
259_none.jpg,1280,720,17,690,1,885,183
83_none.jpg,1280,720,0,934,276,1215,557
83_none.jpg,1280,720,5,178,105,422,488
245_none.jpg,1280,720,10,836,212,1090,465
424_none.jpg,1280,720,2,807,137,957,372
424_none.jpg,1280,720,7,921,356,1201,690
424_none.jpg,1280,720,8,240,574,487,701
395_none.jpg,1280,720,9,428,545,744,717
377_none.jpg,1280,720,3,82,64,224,280
377_none.jpg,1280,720,14,447,163,681,445
293_none.jpg,1280,720,13,1,446,156,691
268_none.jpg,1280,720,0,423,242,655,643
268_none.jpg,1280,720,14,581,9,840,221
238_none.jpg,1280,720,19,120,450,330,624
111_none.jpg,1280,720,8,501,230,628,454
111_none.jpg,1280,720,9,119,94,426,468
111_none.jpg,1280,720,2,1125,1,1275,314
431_none.jpg,1280,720,11,65,1,349,138
431_none.jpg,1280,720,16,607,429,756,581
415_none.jpg,1280,720,14,266,361,543,547
415_none.jpg,1280,720,9,553,338,844,720
415_none.jpg,1280,720,11,879,260,1280,674
356_none.jpg,1280,720,11,521,1,986,185
227_none.jpg,1280,720,13,973,1,1215,322
373_none.jpg,1280,720,6,463,385,892,639
373_none.jpg,1280,720,5,937,354,1185,720
460_none.jpg,1280,720,2,973,233,1280,408
460_none.jpg,1280,720,12,803,184,1018,276
460_none.jpg,1280,720,13,86,113,292,266
310_none.jpg,1280,720,11,757,61,1004,326
122_none.jpg,1280,720,15,1048,478,1280,705
464_none.jpg,1280,720,1,1167,253,1280,388
224_none.jpg,1280,720,8,330,424,529,554
52_none.jpg,1280,720,7,726,29,944,257
52_none.jpg,1280,720,8,776,530,964,623
52_none.jpg,1280,720,1,368,430,501,562
412_none.jpg,1280,720,16,792,164,960,350
412_none.jpg,1280,720,14,143,197,388,510
412_none.jpg,1280,720,0,995,168,1269,296
230_none.jpg,1280,720,18,124,173,420,316
230_none.jpg,1280,720,5,551,148,747,362
230_none.jpg,1280,720,3,877,66,1060,285
350_none.jpg,1280,720,9,373,527,763,720
434_none.jpg,1280,720,3,183,207,529,412
434_none.jpg,1280,720,9,769,445,1280,700
153_none.jpg,1280,720,6,956,120,1125,330
113_none.jpg,1280,720,14,424,1,765,177
114_none.jpg,1280,720,1,497,399,670,567
114_none.jpg,1280,720,18,493,14,870,143
114_none.jpg,1280,720,6,186,134,388,488
312_none.jpg,1280,720,6,53,369,245,573
282_none.jpg,1280,720,17,378,1,675,199
282_none.jpg,1280,720,18,106,1,386,167
297_none.jpg,1280,720,11,270,247,668,606
382_none.jpg,1280,720,13,90,87,395,253
382_none.jpg,1280,720,3,737,500,915,717
382_none.jpg,1280,720,0,736,29,1005,292
55_none.jpg,1280,720,17,797,61,963,182
55_none.jpg,1280,720,9,821,341,1176,569
55_none.jpg,1280,720,8,1028,1,1264,383
353_none.jpg,1280,720,9,814,131,1136,347
353_none.jpg,1280,720,10,694,471,957,720
353_none.jpg,1280,720,9,131,11,401,300
242_none.jpg,1280,720,15,916,89,1266,266
343_none.jpg,1280,720,10,866,229,1063,388
343_none.jpg,1280,720,8,260,186,572,338
343_none.jpg,1280,720,14,593,275,775,571
192_none.jpg,1280,720,7,1038,322,1214,620
461_none.jpg,1280,720,6,859,109,1149,441
5_none.jpg,1280,720,17,549,389,759,588
5_none.jpg,1280,720,12,1044,267,1162,610
5_none.jpg,1280,720,9,72,17,352,280
188_none.jpg,1280,720,17,915,523,1065,683
188_none.jpg,1280,720,13,383,375,497,573
220_none.jpg,1280,720,9,220,59,456,289
129_none.jpg,1280,720,12,866,186,1102,422
129_none.jpg,1280,720,18,231,571,426,720
129_none.jpg,1280,720,5,1060,390,1202,720
385_none.jpg,1280,720,13,289,473,508,649
385_none.jpg,1280,720,12,1117,61,1280,296
385_none.jpg,1280,720,10,406,79,576,359
315_none.jpg,1280,720,18,402,384,734,686
315_none.jpg,1280,720,0,1,361,280,680
315_none.jpg,1280,720,13,352,134,657,302
291_none.jpg,1280,720,7,233,354,500,720
291_none.jpg,1280,720,2,54,258,241,509
73_none.jpg,1280,720,19,74,63,198,185
73_none.jpg,1280,720,10,768,285,1087,607
276_none.jpg,1280,720,13,403,1,555,179
276_none.jpg,1280,720,9,190,379,490,720
280_none.jpg,1280,720,19,258,484,432,664
280_none.jpg,1280,720,3,559,414,779,615
280_none.jpg,1280,720,19,128,1,308,136
4_none.jpg,1280,720,12,1024,84,1280,241
4_none.jpg,1280,720,0,60,284,381,616
423_none.jpg,1280,720,7,1006,402,1187,720
423_none.jpg,1280,720,5,888,153,1280,397
256_none.jpg,1280,720,2,854,603,1038,717
263_none.jpg,1280,720,10,775,154,933,405
263_none.jpg,1280,720,8,416,142,561,450
457_none.jpg,1280,720,19,1038,461,1127,585
457_none.jpg,1280,720,7,720,502,842,684
457_none.jpg,1280,720,17,802,1,1038,114
225_none.jpg,1280,720,19,791,498,921,682
225_none.jpg,1280,720,12,296,532,499,704
225_none.jpg,1280,720,18,530,221,800,443
271_none.jpg,1280,720,6,13,202,388,355
271_none.jpg,1280,720,2,411,472,649,720
271_none.jpg,1280,720,11,984,25,1181,291
209_none.jpg,1280,720,9,235,194,473,566
209_none.jpg,1280,720,16,255,2,407,132
209_none.jpg,1280,720,10,785,138,1004,302
450_none.jpg,1280,720,10,441,444,646,667
450_none.jpg,1280,720,16,166,337,326,443
252_none.jpg,1280,720,8,1060,539,1280,644
148_none.jpg,1280,720,15,836,318,1201,698
148_none.jpg,1280,720,17,1066,18,1280,211
253_none.jpg,1280,720,6,768,179,973,466
253_none.jpg,1280,720,19,44,150,156,296
253_none.jpg,1280,720,2,1020,218,1145,411
393_none.jpg,1280,720,8,20,477,251,720
393_none.jpg,1280,720,18,1,1,440,190
393_none.jpg,1280,720,3,141,143,298,358
165_none.jpg,1280,720,0,1034,317,1274,570
165_none.jpg,1280,720,4,85,483,274,720
165_none.jpg,1280,720,8,507,59,642,268
40_none.jpg,1280,720,7,626,400,832,541
418_none.jpg,1280,720,19,531,104,737,252
418_none.jpg,1280,720,19,66,515,275,713
445_none.jpg,1280,720,0,271,8,537,275
325_none.jpg,1280,720,5,441,441,655,613
180_none.jpg,1280,720,1,748,207,889,343
35_none.jpg,1280,720,2,401,156,526,477
305_none.jpg,1280,720,0,850,161,1111,315
443_none.jpg,1280,720,6,250,238,614,558
443_none.jpg,1280,720,9,583,461,881,720
303_none.jpg,1280,720,14,930,111,1156,382
359_none.jpg,1280,720,19,402,125,585,313
190_none.jpg,1280,720,7,63,198,262,379
190_none.jpg,1280,720,19,783,74,903,167
190_none.jpg,1280,720,2,1,406,337,550
120_none.jpg,1280,720,13,627,210,755,431
120_none.jpg,1280,720,7,87,200,244,328
184_none.jpg,1280,720,9,596,114,791,399
184_none.jpg,1280,720,8,1,1,224,177
335_none.jpg,1280,720,1,161,446,420,692
71_none.jpg,1280,720,3,567,304,808,613
71_none.jpg,1280,720,13,1067,206,1227,416
71_none.jpg,1280,720,9,1,453,146,720
337_none.jpg,1280,720,9,670,153,1009,661
337_none.jpg,1280,720,3,942,279,1128,487
301_none.jpg,1280,720,18,380,268,548,512
301_none.jpg,1280,720,15,820,319,1192,720
301_none.jpg,1280,720,8,1,436,158,720
213_none.jpg,1280,720,16,1112,435,1254,586
420_none.jpg,1280,720,5,364,303,808,456
420_none.jpg,1280,720,9,1,421,301,599
420_none.jpg,1280,720,19,617,166,754,344
9_none.jpg,1280,720,19,989,115,1179,258
435_none.jpg,1280,720,5,39,320,435,504
435_none.jpg,1280,720,8,397,221,593,632
435_none.jpg,1280,720,1,890,358,1011,481
417_none.jpg,1280,720,6,990,146,1280,296
417_none.jpg,1280,720,4,304,140,408,429
64_none.jpg,1280,720,18,856,1,1109,451
324_none.jpg,1280,720,5,869,63,1029,436
49_none.jpg,1280,720,19,698,308,849,443
66_none.jpg,1280,720,19,123,262,267,441
66_none.jpg,1280,720,4,706,114,889,249
66_none.jpg,1280,720,5,894,327,1280,579
162_none.jpg,1280,720,12,706,53,849,195
162_none.jpg,1280,720,8,119,171,282,375
162_none.jpg,1280,720,14,830,436,1121,692
432_none.jpg,1280,720,8,1,372,166,720
380_none.jpg,1280,720,14,455,335,708,645
449_none.jpg,1280,720,15,99,421,299,708
98_none.jpg,1280,720,11,292,465,543,720
354_none.jpg,1280,720,10,530,284,948,664
354_none.jpg,1280,720,10,1105,38,1243,231
328_none.jpg,1280,720,11,267,328,552,626
328_none.jpg,1280,720,9,925,92,1201,503
400_none.jpg,1280,720,1,814,107,989,272
400_none.jpg,1280,720,19,140,369,268,499
400_none.jpg,1280,720,9,237,96,731,331
215_none.jpg,1280,720,12,596,378,850,595
215_none.jpg,1280,720,8,468,1,771,370
331_none.jpg,1280,720,17,785,61,958,213
7_none.jpg,1280,720,7,104,389,574,720
7_none.jpg,1280,720,8,746,33,1086,435
7_none.jpg,1280,720,11,1024,335,1280,720
396_none.jpg,1280,720,12,1095,451,1280,675
454_none.jpg,1280,720,9,273,291,431,538
454_none.jpg,1280,720,4,754,524,930,720
454_none.jpg,1280,720,2,1,82,233,423
348_none.jpg,1280,720,12,1,292,232,659
208_none.jpg,1280,720,1,1130,561,1280,716
208_none.jpg,1280,720,15,283,299,587,561
59_none.jpg,1280,720,15,305,192,611,434
59_none.jpg,1280,720,15,976,422,1166,720
22_none.jpg,1280,720,4,285,504,516,632
22_none.jpg,1280,720,5,194,1,432,413
22_none.jpg,1280,720,0,641,2,833,481
82_none.jpg,1280,720,7,998,416,1274,720
82_none.jpg,1280,720,0,506,265,656,551
214_none.jpg,1280,720,10,879,331,1142,553
229_none.jpg,1280,720,8,358,33,556,143
229_none.jpg,1280,720,3,1022,282,1204,526
446_none.jpg,1280,720,7,55,242,265,543
201_none.jpg,1280,720,10,717,32,1071,400
201_none.jpg,1280,720,17,730,562,862,720
201_none.jpg,1280,720,15,1,1,254,373
95_none.jpg,1280,720,1,361,341,613,602
95_none.jpg,1280,720,1,1,4,158,168
316_none.jpg,1280,720,3,743,524,895,720
316_none.jpg,1280,720,17,577,1,745,245
316_none.jpg,1280,720,5,143,474,473,688
228_none.jpg,1280,720,2,878,91,1130,296
228_none.jpg,1280,720,1,868,591,1009,720
342_none.jpg,1280,720,3,926,573,1159,720
206_none.jpg,1280,720,4,1092,434,1225,690
206_none.jpg,1280,720,2,270,140,463,391
206_none.jpg,1280,720,19,710,157,852,305
436_none.jpg,1280,720,10,453,304,732,539
436_none.jpg,1280,720,10,1,423,250,593
428_none.jpg,1280,720,18,477,238,655,519
428_none.jpg,1280,720,1,817,79,955,238
428_none.jpg,1280,720,1,113,437,373,705
97_none.jpg,1280,720,10,665,351,971,587
97_none.jpg,1280,720,1,1,522,190,714
97_none.jpg,1280,720,8,539,148,736,396
205_none.jpg,1280,720,6,191,1,457,316
205_none.jpg,1280,720,9,67,482,555,710
138_none.jpg,1280,720,13,1,98,218,311
138_none.jpg,1280,720,2,96,331,279,577
237_none.jpg,1280,720,13,748,296,1052,525
167_none.jpg,1280,720,1,612,514,737,635
167_none.jpg,1280,720,5,1021,267,1205,569
65_none.jpg,1280,720,10,788,341,994,468
65_none.jpg,1280,720,5,361,46,582,419
406_none.jpg,1280,720,0,921,331,1280,531
378_none.jpg,1280,720,2,305,362,533,714
378_none.jpg,1280,720,9,642,435,877,720
378_none.jpg,1280,720,9,827,37,1156,344
110_none.jpg,1280,720,13,528,493,725,664
100_none.jpg,1280,720,0,577,260,895,536
100_none.jpg,1280,720,1,125,331,400,610
100_none.jpg,1280,720,14,1090,237,1280,495
50_none.jpg,1280,720,5,324,419,800,720
308_none.jpg,1280,720,4,1059,396,1280,473
308_none.jpg,1280,720,13,1117,107,1280,282
295_none.jpg,1280,720,14,675,183,943,484
295_none.jpg,1280,720,16,1086,1,1212,215
295_none.jpg,1280,720,17,278,203,444,492
168_none.jpg,1280,720,1,914,130,1117,325
244_none.jpg,1280,720,18,606,263,779,505
244_none.jpg,1280,720,5,1072,58,1280,386
244_none.jpg,1280,720,6,737,448,875,700
466_none.jpg,1280,720,13,426,1,667,204
90_none.jpg,1280,720,4,141,45,330,212
90_none.jpg,1280,720,2,1031,189,1230,532
202_none.jpg,1280,720,10,85,1,468,265
202_none.jpg,1280,720,7,821,38,1094,226
161_none.jpg,1280,720,17,681,203,900,334
70_none.jpg,1280,720,14,523,339,843,698
37_none.jpg,1280,720,18,199,366,503,720
37_none.jpg,1280,720,7,853,64,1059,377
37_none.jpg,1280,720,9,570,451,889,720
298_none.jpg,1280,720,0,443,1,627,265
298_none.jpg,1280,720,1,712,324,1035,624
298_none.jpg,1280,720,4,762,97,1047,263
332_none.jpg,1280,720,19,472,408,586,498
332_none.jpg,1280,720,8,167,136,435,273
332_none.jpg,1280,720,14,714,1,1001,301
207_none.jpg,1280,720,1,1,275,261,605
207_none.jpg,1280,720,0,278,459,575,610
28_none.jpg,1280,720,1,227,356,397,510
28_none.jpg,1280,720,10,570,353,694,560
28_none.jpg,1280,720,10,599,1,762,190
386_none.jpg,1280,720,5,204,470,392,714
75_none.jpg,1280,720,6,914,1,1034,284
75_none.jpg,1280,720,18,1045,29,1222,137
93_none.jpg,1280,720,12,201,224,443,532
93_none.jpg,1280,720,14,758,336,1059,623
93_none.jpg,1280,720,6,604,60,774,476
175_none.jpg,1280,720,0,220,1,560,458
175_none.jpg,1280,720,2,428,367,814,670
175_none.jpg,1280,720,19,911,308,983,411
140_none.jpg,1280,720,1,972,280,1099,418
140_none.jpg,1280,720,16,266,267,443,486
38_none.jpg,1280,720,13,532,96,778,282
38_none.jpg,1280,720,4,257,88,405,329
369_none.jpg,1280,720,14,342,10,685,272
362_none.jpg,1280,720,11,802,436,1222,711
362_none.jpg,1280,720,18,373,144,540,492
186_none.jpg,1280,720,12,182,278,449,525
186_none.jpg,1280,720,0,769,319,1048,631
186_none.jpg,1280,720,3,854,170,1159,351
368_none.jpg,1280,720,19,329,474,447,621
375_none.jpg,1280,720,2,557,25,866,177
159_none.jpg,1280,720,0,440,83,792,286
249_none.jpg,1280,720,0,174,1,462,156
330_none.jpg,1280,720,7,113,419,464,625
330_none.jpg,1280,720,4,313,98,444,413
107_none.jpg,1280,720,15,263,53,606,293
107_none.jpg,1280,720,18,614,70,831,299
107_none.jpg,1280,720,18,960,218,1247,354
241_none.jpg,1280,720,9,170,1,301,238
182_none.jpg,1280,720,17,906,8,1178,181
47_none.jpg,1280,720,2,833,1,1027,467
344_none.jpg,1280,720,2,845,217,1027,587
344_none.jpg,1280,720,1,483,385,613,521
344_none.jpg,1280,720,16,1074,453,1274,653
441_none.jpg,1280,720,6,808,474,949,720
441_none.jpg,1280,720,15,308,433,633,621
441_none.jpg,1280,720,3,648,354,830,552
327_none.jpg,1280,720,5,901,147,1029,487
327_none.jpg,1280,720,1,857,485,1084,708
221_none.jpg,1280,720,5,942,210,1227,454
221_none.jpg,1280,720,6,790,71,1072,197
221_none.jpg,1280,720,17,1,329,217,498
338_none.jpg,1280,720,17,291,373,501,628
269_none.jpg,1280,720,12,198,422,473,720
269_none.jpg,1280,720,15,41,1,422,282
31_none.jpg,1280,720,13,1076,248,1280,474
31_none.jpg,1280,720,0,487,170,780,659
31_none.jpg,1280,720,5,128,470,316,720
410_none.jpg,1280,720,4,783,400,1034,656
257_none.jpg,1280,720,19,937,410,1101,549
51_none.jpg,1280,720,11,703,375,908,661
51_none.jpg,1280,720,13,46,26,186,257
51_none.jpg,1280,720,8,153,271,360,439
294_none.jpg,1280,720,3,791,389,965,629
294_none.jpg,1280,720,0,508,24,735,458
61_none.jpg,1280,720,3,91,360,382,528
266_none.jpg,1280,720,1,215,162,477,426
266_none.jpg,1280,720,0,670,54,1034,228
370_none.jpg,1280,720,3,953,20,1115,282
370_none.jpg,1280,720,14,326,408,646,720
370_none.jpg,1280,720,6,165,154,373,353
108_none.jpg,1280,720,11,1,257,392,628
210_none.jpg,1280,720,3,305,335,588,651
210_none.jpg,1280,720,14,105,16,371,313
210_none.jpg,1280,720,15,439,1,748,227
212_none.jpg,1280,720,0,870,138,1280,392
212_none.jpg,1280,720,17,481,106,707,312
187_none.jpg,1280,720,4,723,354,892,606
277_none.jpg,1280,720,9,638,309,988,576
277_none.jpg,1280,720,7,123,77,440,344
277_none.jpg,1280,720,14,449,1,670,253
154_none.jpg,1280,720,9,432,1,677,607
154_none.jpg,1280,720,17,852,414,1046,569
154_none.jpg,1280,720,18,1035,387,1244,720
152_none.jpg,1280,720,18,775,129,1136,519
152_none.jpg,1280,720,19,1025,549,1162,697
152_none.jpg,1280,720,12,71,366,283,656
323_none.jpg,1280,720,16,830,297,958,448
124_none.jpg,1280,720,19,658,495,766,644
124_none.jpg,1280,720,10,1023,282,1213,523
124_none.jpg,1280,720,2,109,199,189,458
250_none.jpg,1280,720,19,1077,430,1207,591
250_none.jpg,1280,720,9,667,339,827,636
155_none.jpg,1280,720,1,643,1,749,108
63_none.jpg,1280,720,0,317,126,536,317
63_none.jpg,1280,720,1,178,376,328,534
63_none.jpg,1280,720,13,982,242,1135,460
439_none.jpg,1280,720,15,193,382,460,720
439_none.jpg,1280,720,3,656,369,840,633
239_none.jpg,1280,720,1,558,184,801,455
239_none.jpg,1280,720,0,338,1,762,193
239_none.jpg,1280,720,5,162,303,410,645
198_none.jpg,1280,720,0,1030,245,1251,542
54_none.jpg,1280,720,18,62,1,200,203
54_none.jpg,1280,720,10,698,302,826,525
404_none.jpg,1280,720,1,327,544,487,693
404_none.jpg,1280,720,17,152,410,345,540
199_none.jpg,1280,720,16,628,447,839,581
199_none.jpg,1280,720,8,1042,248,1247,381
74_none.jpg,1280,720,1,677,364,952,635
